main.rs — screentime,2024-10-03 15:21:01,4
ChatGPT - Personal - Microsoft​ Edge,2024-10-03 15:21:03,2
main.rs — screentime,2024-10-03 15:21:05,2
ChatGPT - Personal - Microsoft​ Edge,2024-10-03 15:21:35,30
screen_time_log.csv — screentime,2024-10-03 15:36:03,6
ChatGPT - Personal - Microsoft​ Edge,2024-10-03 15:36:04,1
main.rs — screentime,2024-10-03 15:36:45,1
screen_time_log.csv — screentime,2024-10-03 15:36:55,10
main.rs — qdrant,2024-10-03 15:37:03,8
screen_time_log.csv — screentime,2024-10-03 15:37:06,3
x@144:~/z/angelwingscomms/screentime,2024-10-03 15:37:30,24
yay -S clipman,2024-10-03 15:37:42,12
ChatGPT - Personal - Microsoft​ Edge,2024-10-03 15:38:03,21
screen_time_log.csv — screentime,2024-10-03 15:38:15,12
screentime,2024-10-03 15:38:28,13
screen_time_log.csv — screentime,2024-10-03 15:38:29,1
screentime,2024-10-03 15:38:36,7
screen_time_log.csv — screentime,2024-10-03 15:38:57,20
screentime,2024-10-03 15:38:58,1
ChatGPT - Personal - Microsoft​ Edge,2024-10-03 15:39:00,2
New Tab and 1 more page - Personal - Microsoft​ Edge,2024-10-03 15:39:01,1
screentime,2024-10-03 15:39:02,1
screen_time_log.csv — screentime,2024-10-03 15:39:03,1
New Tab and 1 more page - Personal - Microsoft​ Edge,2024-10-03 15:39:05,2
ChatGPT and 1 more page - Personal - Microsoft​ Edge,2024-10-03 15:41:18,133
chatgpt.com/c/66feaceb-7aa8-8006-8659-443b1c7ef661 and 2 more pages - Personal - Microsoft​ Edge,2024-10-03 15:41:19,1
ChatGPT and 2 more pages - Personal - Microsoft​ Edge,2024-10-03 15:43:18,119
screen_time_log.csv — screentime,2024-10-03 15:43:24,6
ChatGPT and 2 more pages - Personal - Microsoft​ Edge,2024-10-03 15:43:27,3
screentime,2024-10-03 15:43:30,3
ChatGPT and 2 more pages - Personal - Microsoft​ Edge,2024-10-03 15:43:31,1
main.rs — qdrant,2024-10-03 15:43:37,6
ChatGPT and 2 more pages - Personal - Microsoft​ Edge,2024-10-03 15:43:39,2
New Tab - Personal - Microsoft​ Edge,2024-10-03 15:43:43,4
Payload - Qdrant and 4 more pages - Personal - Microsoft​ Edge,2024-10-03 15:44:04,21
ChatGPT and 2 more pages - Personal - Microsoft​ Edge,2024-10-03 15:44:06,2
main.rs — qdrant,2024-10-03 15:44:08,2
ChatGPT and 2 more pages - Personal - Microsoft​ Edge,2024-10-03 15:44:09,1
Payload - Qdrant and 4 more pages - Personal - Microsoft​ Edge,2024-10-03 15:44:19,10
Collections - Qdrant and 4 more pages - Personal - Microsoft​ Edge,2024-10-03 15:44:36,17
Collections - Qdrant and 5 more pages - Personal - Microsoft​ Edge,2024-10-03 15:44:56,20
ChatGPT and 2 more pages - Personal - Microsoft​ Edge,2024-10-03 15:44:57,1
main.rs — qdrant,2024-10-03 15:48:13,195
Cargo.toml — qdrant,2024-10-03 15:48:15,2
main.rs — qdrant,2024-10-03 15:49:16,61
ChatGPT and 2 more pages - Personal - Microsoft​ Edge,2024-10-03 15:49:23,7
screen_time_log.csv — screentime,2024-10-03 15:49:26,3
ChatGPT and 2 more pages - Personal - Microsoft​ Edge,2024-10-03 15:49:28,2
New Tab and 2 more pages - Personal - Microsoft​ Edge,2024-10-03 15:49:29,1
ChatGPT and 1 more page - Personal - Microsoft​ Edge,2024-10-03 15:50:24,55
screen_time_log.csv — screentime,2024-10-03 15:50:50,26
ChatGPT and 1 more page - Personal - Microsoft​ Edge,2024-10-03 15:50:54,4
Collections - Qdrant and 5 more pages - Personal - Microsoft​ Edge,2024-10-03 15:51:05,11
ChatGPT and 1 more page - Personal - Microsoft​ Edge,2024-10-03 15:51:07,2
main.rs — qdrant,2024-10-03 15:51:11,4
ChatGPT and 1 more page - Personal - Microsoft​ Edge,2024-10-03 15:51:12,1
Collections - Qdrant and 5 more pages - Personal - Microsoft​ Edge,2024-10-03 15:51:13,1
main.rs — qdrant,2024-10-03 15:51:14,1
Collections - Qdrant and 5 more pages - Personal - Microsoft​ Edge,2024-10-03 15:51:16,2
main.rs — qdrant,2024-10-03 15:51:18,2
Collections - Qdrant and 5 more pages - Personal - Microsoft​ Edge,2024-10-03 15:51:20,2
main.rs — qdrant,2024-10-03 15:51:24,4
Collections - Qdrant and 5 more pages - Personal - Microsoft​ Edge,2024-10-03 15:51:26,2
main.rs — qdrant,2024-10-03 15:51:30,4
Collections - Qdrant and 5 more pages - Personal - Microsoft​ Edge,2024-10-03 15:51:33,3
main.rs — qdrant,2024-10-03 15:51:45,12
Collections - Qdrant and 5 more pages - Personal - Microsoft​ Edge,2024-10-03 15:52:11,26
main.rs — qdrant,2024-10-03 15:52:39,28
Collections - Qdrant and 5 more pages - Personal - Microsoft​ Edge,2024-10-03 15:52:40,1
ChatGPT and 1 more page - Personal - Microsoft​ Edge,2024-10-03 15:52:43,3
screen_time_log.csv — screentime,2024-10-03 15:53:02,19
Home,2024-10-03 15:53:04,2
screen_time_log.csv — screentime,2024-10-03 15:53:11,7
Home,2024-10-03 15:53:13,2
ChatGPT and 1 more page - Personal - Microsoft​ Edge,2024-10-03 15:53:14,1
New Tab and 2 more pages - Personal - Microsoft​ Edge,2024-10-03 15:53:20,6
Home,2024-10-03 15:53:22,2
z,2024-10-03 15:53:26,4
angelwingscomms,2024-10-03 15:53:28,2
screentime,2024-10-03 15:53:31,3
Google Sheets and 2 more pages - Personal - Microsoft​ Edge,2024-10-03 15:53:35,4
screentime,2024-10-03 15:53:37,2
Google Sheets and 2 more pages - Personal - Microsoft​ Edge,2024-10-03 15:53:44,7
screentime,2024-10-03 15:53:47,3
Spyder update,2024-10-03 15:53:50,3
screentime,2024-10-03 15:53:55,5
Spyder (Python 3.12),2024-10-03 15:54:01,6
screentime,2024-10-03 15:54:02,1
screen_time_log.csv — screentime,2024-10-03 15:54:08,6
Spyder (Python 3.12),2024-10-03 15:54:10,2
Untitled and 3 more pages - Personal - Microsoft​ Edge,2024-10-03 15:54:11,1
New Tab and 3 more pages - Personal - Microsoft​ Edge,2024-10-03 15:54:14,3
bing.com/search?q=jupyter+lite&cvid=6090d9d7fc4c41a6b9938b8e6faa3e3b&gs_lcrp=EgZjaHJvbWUqBggAEEUYOzIGCAAQRRg7MgYIARBFGDsyBggCEEUYOTIGCAMQRRg8MgYIBBBFGDwyBggFEEUYPNIBCDE1NzdqMGoxqAIIsAIB&FORM=ANAB01&PC=U531 and 3 more pages - Personal - Microsoft​ Edge,2024-10-03 15:54:15,1
jupyter lite - Search and 3 more pages - Personal - Microsoft​ Edge,2024-10-03 15:54:17,2
bing.com/ck/a?!&&p=0925fd74ea409a91JmltdHM9MTcyNzkxMzYwMCZpZ3VpZD0yOTAyOGIxNC01Mzc0LTY0OGUtMjc2MS05ZTFlNTI5NDY1N2ImaW5zaWQ9NTE5NQ&ptn=3&ver=2&hsh=3&fclid=29028b14-5374-648e-2761-9e1e5294657b&psq=jupyter+lite&u=a1aHR0cHM6Ly9qdXB5dGVyLm9yZy90cnktanVweXRlci9sYWIvIzp-OnRleHQ9V0FTTSBwb3dlcmVkIEp1cHl0ZXIgcnVubmluZyBpbiB0aGU&ntb=1 and 4 more pages - Personal - Microsoft​ Edge,2024-10-03 15:54:19,2
JupyterLite and 4 more pages - Personal - Microsoft​ Edge,2024-10-03 15:54:32,13
yay -S clipman,2024-10-03 15:54:34,2
screentime,2024-10-03 15:54:36,2
JupyterLite and 4 more pages - Personal - Microsoft​ Edge,2024-10-03 15:54:37,1
screentime,2024-10-03 15:54:41,4
JupyterLite and 4 more pages - Personal - Microsoft​ Edge,2024-10-03 15:54:52,11
screentime,2024-10-03 15:54:54,2
screen_time_log.csv — screentime,2024-10-03 15:54:57,3
JupyterLite and 4 more pages - Personal - Microsoft​ Edge,2024-10-03 15:55:23,26
screen_time_log.csv — screentime,2024-10-03 15:55:31,8
JupyterLite and 4 more pages - Personal - Microsoft​ Edge,2024-10-03 15:55:32,1
ChatGPT and 4 more pages - Personal - Microsoft​ Edge,2024-10-03 15:55:36,3
ChatGPT and 5 more pages - Personal - Microsoft​ Edge,2024-10-03 15:56:24,48
screen_time_log.csv — screentime,2024-10-03 15:56:28,4
yay -S clipman,2024-10-03 15:56:33,5
ChatGPT and 5 more pages - Personal - Microsoft​ Edge,2024-10-03 15:56:41,8
jupyter lite - Search and 5 more pages - Personal - Microsoft​ Edge,2024-10-03 15:56:42,1
JupyterLite and 4 more pages - Personal - Microsoft​ Edge,2024-10-03 15:56:43,1
Google Sheets and 3 more pages - Personal - Microsoft​ Edge,2024-10-03 15:56:44,1
ChatGPT and 2 more pages - Personal - Microsoft​ Edge,2024-10-03 15:56:50,6
ChatGPT and 1 more page - Personal - Microsoft​ Edge,2024-10-03 15:56:51,1
screen_time_log.csv — screentime,2024-10-03 15:56:55,4
main.rs — screentime,2024-10-03 15:56:57,2
main.rs — qdrant,2024-10-03 15:57:05,8
ChatGPT and 1 more page - Personal - Microsoft​ Edge,2024-10-03 15:57:07,2
Collections - Qdrant and 5 more pages - Personal - Microsoft​ Edge,2024-10-03 15:57:16,9
main.rs — qdrant,2024-10-03 15:58:01,45
Collections - Qdrant and 5 more pages - Personal - Microsoft​ Edge,2024-10-03 15:58:03,2
main.rs — qdrant,2024-10-03 15:58:16,13
Collections - Qdrant and 5 more pages - Personal - Microsoft​ Edge,2024-10-03 15:58:20,4
main.rs — qdrant,2024-10-03 15:58:26,6
Collections - Qdrant and 5 more pages - Personal - Microsoft​ Edge,2024-10-03 15:58:31,5
main.rs — qdrant,2024-10-03 15:58:40,9
Collections - Qdrant and 5 more pages - Personal - Microsoft​ Edge,2024-10-03 15:58:42,2
main.rs — qdrant,2024-10-03 15:58:49,7
Collections - Qdrant and 5 more pages - Personal - Microsoft​ Edge,2024-10-03 15:58:52,3
main.rs — qdrant,2024-10-03 15:58:56,4
Collections - Qdrant and 5 more pages - Personal - Microsoft​ Edge,2024-10-03 15:58:57,1
main.rs — qdrant,2024-10-03 15:59:40,43
Collections - Qdrant and 5 more pages - Personal - Microsoft​ Edge,2024-10-03 15:59:43,3
main.rs — qdrant,2024-10-03 15:59:45,2
Collections - Qdrant and 5 more pages - Personal - Microsoft​ Edge,2024-10-03 15:59:48,3
main.rs — qdrant,2024-10-03 15:59:59,11
Collections - Qdrant and 5 more pages - Personal - Microsoft​ Edge,2024-10-03 16:00:00,1
main.rs — qdrant,2024-10-03 16:02:43,163
.env — qdrant,2024-10-03 16:02:48,5
main.rs — qdrant,2024-10-03 16:03:04,16
.env — qdrant,2024-10-03 16:03:05,1
todo — qdrant,2024-10-03 16:03:06,1
main.rs — qdrant,2024-10-03 16:03:11,5
.env — qdrant,2024-10-03 16:03:16,5
main.rs — qdrant,2024-10-03 16:03:34,18
Collections - Qdrant and 5 more pages - Personal - Microsoft​ Edge,2024-10-03 16:03:36,2
New Tab and 6 more pages - Personal - Microsoft​ Edge,2024-10-03 16:03:41,5
Microsoft OneNote | The digital note-taking app for your devices and 6 more pages - Personal - Microsoft​ Edge,2024-10-03 16:03:42,1
Payload - Qdrant and 6 more pages - Personal - Microsoft​ Edge,2024-10-03 16:03:45,3
Payload - Qdrant and 7 more pages - Personal - Microsoft​ Edge,2024-10-03 16:03:46,1
Vector Search Database · Qdrant Cloud and 7 more pages - Personal - Microsoft​ Edge,2024-10-03 16:03:51,5
Qdrant Cloud and 7 more pages - Personal - Microsoft​ Edge,2024-10-03 16:04:10,19
Vector Search Database · Qdrant Cloud and 7 more pages - Personal - Microsoft​ Edge,2024-10-03 16:04:12,2
Qdrant Cloud and 7 more pages - Personal - Microsoft​ Edge,2024-10-03 16:04:13,1
Overview · Qdrant Cloud and 7 more pages - Personal - Microsoft​ Edge,2024-10-03 16:04:25,12
Clusters · Qdrant Cloud and 7 more pages - Personal - Microsoft​ Edge,2024-10-03 16:04:30,5
Cluster · Qdrant Cloud and 7 more pages - Personal - Microsoft​ Edge,2024-10-03 16:04:42,12
Clusters · Qdrant Cloud and 7 more pages - Personal - Microsoft​ Edge,2024-10-03 16:04:49,7
Cluster · Qdrant Cloud and 7 more pages - Personal - Microsoft​ Edge,2024-10-03 16:04:59,10
Microsoft OneNote | The digital note-taking app for your devices and 7 more pages - Personal - Microsoft​ Edge,2024-10-03 16:05:09,10
qdrant_client - Rust and 7 more pages - Personal - Microsoft​ Edge,2024-10-03 16:05:11,2
Sign in to OneNote and 7 more pages - Personal - Microsoft​ Edge,2024-10-03 16:05:13,2
Cluster · Qdrant Cloud and 7 more pages - Personal - Microsoft​ Edge,2024-10-03 16:05:20,7
Sign in to OneNote and 7 more pages - Personal - Microsoft​ Edge,2024-10-03 16:05:26,6
Continue and 7 more pages - Personal - Microsoft​ Edge,2024-10-03 16:05:34,8
Notebooks and 7 more pages - Personal - Microsoft​ Edge,2024-10-03 16:05:40,6
onedrive.live.com/edit?id=3003116F003766AD!3244&resid=3003116F003766AD!3244&cid=3003116f003766ad&wdo=6&wdorigin=701 and 7 more pages - Personal - Microsoft​ Edge,2024-10-03 16:05:41,1
144 - Microsoft OneNote Online and 7 more pages - Personal - Microsoft​ Edge,2024-10-03 16:05:55,13
144 - Microsoft OneNote Online and 6 more pages - Personal - Microsoft​ Edge,2024-10-03 16:06:15,20
ChatGPT and 1 more page - Personal - Microsoft​ Edge,2024-10-03 16:06:16,1
main.rs — qdrant,2024-10-03 16:06:17,1
144 - Microsoft OneNote Online and 6 more pages - Personal - Microsoft​ Edge,2024-10-03 16:06:26,9
Notebooks and 6 more pages - Personal - Microsoft​ Edge,2024-10-03 16:06:29,3
Edward's Notebook - Microsoft OneNote Online and 6 more pages - Personal - Microsoft​ Edge,2024-10-03 16:06:31,2
main.rs — qdrant,2024-10-03 16:06:35,4
.env — qdrant,2024-10-03 16:06:43,8
Edward's Notebook - Microsoft OneNote Online and 6 more pages - Personal - Microsoft​ Edge,2024-10-03 16:06:49,6
.env — qdrant,2024-10-03 16:07:25,36
Edward's Notebook - Microsoft OneNote Online and 6 more pages - Personal - Microsoft​ Edge,2024-10-03 16:07:26,1
ChatGPT and 1 more page - Personal - Microsoft​ Edge,2024-10-03 16:07:27,1
main.rs — screentime,2024-10-03 16:07:28,1
Edward's Notebook - Microsoft OneNote Online and 6 more pages - Personal - Microsoft​ Edge,2024-10-03 16:07:32,4
Edward's Notebook - Microsoft OneNote Online and 7 more pages - Personal - Microsoft​ Edge,2024-10-03 16:07:35,3
Cluster · Qdrant Cloud and 7 more pages - Personal - Microsoft​ Edge,2024-10-03 16:07:48,13
Cluster · Qdrant Cloud and 8 more pages - Personal - Microsoft​ Edge,2024-10-03 16:08:01,13
Untitled and 8 more pages - Personal - Microsoft​ Edge,2024-10-03 16:08:03,2
Cluster · Qdrant Cloud and 8 more pages - Personal - Microsoft​ Edge,2024-10-03 16:08:21,18
.env — qdrant,2024-10-03 16:08:23,2
main.rs — qdrant,2024-10-03 16:08:24,1
Cluster · Qdrant Cloud and 8 more pages - Personal - Microsoft​ Edge,2024-10-03 16:08:32,8
main.rs — qdrant,2024-10-03 16:08:37,5
main.rs — screentime,2024-10-03 16:08:47,10
Cluster · Qdrant Cloud and 8 more pages - Personal - Microsoft​ Edge,2024-10-03 16:08:51,4
Payload - Qdrant and 8 more pages - Personal - Microsoft​ Edge,2024-10-03 16:08:53,2
Collections - Qdrant and 8 more pages - Personal - Microsoft​ Edge,2024-10-03 16:09:01,8
Untitled and 8 more pages - Personal - Microsoft​ Edge,2024-10-03 16:09:02,1
Cluster · Qdrant Cloud and 8 more pages - Personal - Microsoft​ Edge,2024-10-03 16:09:14,12
qdrant_client - Rust and 8 more pages - Personal - Microsoft​ Edge,2024-10-03 16:09:22,8
main.rs — screentime,2024-10-03 16:09:27,5
main.rs — qdrant,2024-10-03 16:09:50,23
main.rs — screentime,2024-10-03 16:09:51,1
qdrant_client - Rust and 8 more pages - Personal - Microsoft​ Edge,2024-10-03 16:09:53,2
New Tab and 9 more pages - Personal - Microsoft​ Edge,2024-10-03 16:09:58,5
Qdrant in qdrant_client - Rust and 9 more pages - Personal - Microsoft​ Edge,2024-10-03 16:10:02,4
"""create"" Search - Rust and 9 more pages - Personal - Microsoft​ Edge",2024-10-03 16:10:13,11
qdrant_client - Rust and 9 more pages - Personal - Microsoft​ Edge,2024-10-03 16:10:15,2
docs.rs/qdrant-client/latest/qdrant_client/struct.Qdrant.html and 9 more pages - Personal - Microsoft​ Edge,2024-10-03 16:10:16,1
Qdrant in qdrant_client - Rust and 9 more pages - Personal - Microsoft​ Edge,2024-10-03 16:10:28,12
main.rs — screentime,2024-10-03 16:10:31,3
main.rs — qdrant,2024-10-03 16:13:08,157
main.rs — screentime,2024-10-03 16:13:10,2
Qdrant in qdrant_client - Rust and 9 more pages - Personal - Microsoft​ Edge,2024-10-03 16:13:59,48
Cluster · Qdrant Cloud and 9 more pages - Personal - Microsoft​ Edge,2024-10-03 16:14:03,4
qdrant_client - Rust and 9 more pages - Personal - Microsoft​ Edge,2024-10-03 16:14:06,3
Collections - Qdrant and 9 more pages - Personal - Microsoft​ Edge,2024-10-03 16:14:13,7
main.rs — screentime,2024-10-03 16:14:17,4
main.rs — qdrant,2024-10-03 16:15:30,73
main.rs — screentime,2024-10-03 16:15:31,1
Collections - Qdrant and 9 more pages - Personal - Microsoft​ Edge,2024-10-03 16:15:33,2
Qdrant in qdrant_client - Rust and 9 more pages - Personal - Microsoft​ Edge,2024-10-03 16:15:35,2
qdrant_client - Rust and 9 more pages - Personal - Microsoft​ Edge,2024-10-03 16:15:42,7
New Tab and 10 more pages - Personal - Microsoft​ Edge,2024-10-03 16:15:44,2
ChatGPT and 10 more pages - Personal - Microsoft​ Edge,2024-10-03 16:15:45,1
Untitled and 10 more pages - Personal - Microsoft​ Edge,2024-10-03 16:15:46,1
qdrant_client - Rust and 9 more pages - Personal - Microsoft​ Edge,2024-10-03 16:15:47,1
ChatGPT and 9 more pages - Personal - Microsoft​ Edge,2024-10-03 16:15:55,8
main.rs — screentime,2024-10-03 16:15:57,2
ChatGPT and 9 more pages - Personal - Microsoft​ Edge,2024-10-03 16:17:28,91
main.rs — screentime,2024-10-03 16:17:34,6
main.rs — qdrant,2024-10-03 16:17:40,6
main.rs — screentime,2024-10-03 16:17:41,1
main.rs — qdrant,2024-10-03 16:18:27,46
main.rs — screentime,2024-10-03 16:18:28,1
main.rs — qdrant,2024-10-03 16:18:32,4
ChatGPT and 9 more pages - Personal - Microsoft​ Edge,2024-10-03 16:18:44,12
main.rs — qdrant,2024-10-03 16:18:45,1
ChatGPT and 9 more pages - Personal - Microsoft​ Edge,2024-10-03 16:20:03,78
main.rs — qdrant,2024-10-03 16:20:16,13
ChatGPT and 9 more pages - Personal - Microsoft​ Edge,2024-10-03 16:20:30,14
main.rs — qdrant,2024-10-03 16:20:59,29
ChatGPT and 9 more pages - Personal - Microsoft​ Edge,2024-10-03 16:21:01,2
main.rs — qdrant,2024-10-03 16:21:15,14
ChatGPT and 9 more pages - Personal - Microsoft​ Edge,2024-10-03 16:21:17,2
Points - Qdrant and 9 more pages - Personal - Microsoft​ Edge,2024-10-03 16:22:55,97
main.rs — qdrant,2024-10-03 16:23:00,5
Points - Qdrant and 9 more pages - Personal - Microsoft​ Edge,2024-10-03 16:23:05,5
main.rs — qdrant,2024-10-03 16:23:15,10
ChatGPT and 9 more pages - Personal - Microsoft​ Edge,2024-10-03 16:24:46,91
New Tab and 10 more pages - Personal - Microsoft​ Edge,2024-10-03 16:24:51,5
bing.com/search?q=reqwest+base_url&cvid=a28a98ca49fe4316b13721825bdc2799&gs_lcrp=EgZjaHJvbWUyBggAEEUYOTIGCAEQABhAMgYIAhAAGEAyBggDEAAYQDIGCAQQABhAMgYIBRAAGEAyBggGEAAYQDIGCAcQABhAMgYICBAAGEDSAQg0MDQ5ajBqMagCALACAA&FORM=ANAB01&PC=U531 and 10 more pages - Personal - Microsoft​ Edge,2024-10-03 16:24:52,1
reqwest base_url - Search and 10 more pages - Personal - Microsoft​ Edge,2024-10-03 16:24:56,4
reqwest base_url - Search and 11 more pages - Personal - Microsoft​ Edge,2024-10-03 16:24:57,1
bing.com/ck/a?!&&p=c21f3e9c7317eeb4JmltdHM9MTcyNzkxMzYwMCZpZ3VpZD0yOTAyOGIxNC01Mzc0LTY0OGUtMjc2MS05ZTFlNTI5NDY1N2ImaW5zaWQ9NTIwOA&ptn=3&ver=2&hsh=3&fclid=29028b14-5374-648e-2761-9e1e5294657b&psq=reqwest+base_url&u=a1aHR0cHM6Ly9kb2NzLnJzL3JlcXdlc3QvbGF0ZXN0L3JlcXdlc3QvIzp-OnRleHQ9VGhlIGJhc2ljIG9uZSBpcyBieSB1c2luZw&ntb=1 and 12 more pages - Personal - Microsoft​ Edge,2024-10-03 16:24:58,1
reqwest - Rust and 12 more pages - Personal - Microsoft​ Edge,2024-10-03 16:25:03,5
Client in reqwest - Rust and 12 more pages - Personal - Microsoft​ Edge,2024-10-03 16:25:14,11
ClientBuilder in reqwest - Rust and 12 more pages - Personal - Microsoft​ Edge,2024-10-03 16:26:24,70
Url in reqwest - Rust and 12 more pages - Personal - Microsoft​ Edge,2024-10-03 16:26:26,2
ChatGPT and 12 more pages - Personal - Microsoft​ Edge,2024-10-03 16:26:43,17
Url in reqwest - Rust and 12 more pages - Personal - Microsoft​ Edge,2024-10-03 16:26:45,2
ClientBuilder in reqwest - Rust and 12 more pages - Personal - Microsoft​ Edge,2024-10-03 16:27:06,21
main.rs — qdrant,2024-10-03 16:28:38,92
qdrant_client - Rust and 12 more pages - Personal - Microsoft​ Edge,2024-10-03 16:28:41,3
"""legacy"" Search - Rust and 12 more pages - Personal - Microsoft​ Edge",2024-10-03 16:28:44,3
qdrant_client - Rust and 12 more pages - Personal - Microsoft​ Edge,2024-10-03 16:28:57,13
main.rs — qdrant,2024-10-03 16:29:14,17
ChatGPT and 12 more pages - Personal - Microsoft​ Edge,2024-10-03 16:29:29,15
main.rs — qdrant,2024-10-03 16:29:57,28
ChatGPT and 12 more pages - Personal - Microsoft​ Edge,2024-10-03 16:30:33,36
main.rs — qdrant,2024-10-03 16:31:57,83
.env — qdrant,2024-10-03 16:32:02,5
main.rs — qdrant,2024-10-03 16:32:16,14
Url in reqwest - Rust and 12 more pages - Personal - Microsoft​ Edge,2024-10-03 16:32:20,4
Points - Qdrant and 12 more pages - Personal - Microsoft​ Edge,2024-10-03 16:32:25,5
main.rs — qdrant,2024-10-03 16:34:38,133
Collections - Qdrant and 12 more pages - Personal - Microsoft​ Edge,2024-10-03 16:34:52,14
main.rs — qdrant,2024-10-03 16:35:27,35
Collections - Qdrant and 12 more pages - Personal - Microsoft​ Edge,2024-10-03 16:35:31,4
Indexing - Qdrant and 12 more pages - Personal - Microsoft​ Edge,2024-10-03 16:35:33,2
main.rs — qdrant,2024-10-03 16:35:42,9
Indexing - Qdrant and 12 more pages - Personal - Microsoft​ Edge,2024-10-03 16:36:36,54
Cluster · Qdrant Cloud and 12 more pages - Personal - Microsoft​ Edge,2024-10-03 16:36:44,8
main.rs — qdrant,2024-10-03 16:36:58,14
Indexing - Qdrant and 12 more pages - Personal - Microsoft​ Edge,2024-10-03 16:36:59,1
Collections - Qdrant and 12 more pages - Personal - Microsoft​ Edge,2024-10-03 16:37:05,6
main.rs — qdrant,2024-10-03 16:38:32,87
Collections - Qdrant and 12 more pages - Personal - Microsoft​ Edge,2024-10-03 16:38:35,3
main.rs — qdrant,2024-10-03 16:39:02,27
Collections - Qdrant and 12 more pages - Personal - Microsoft​ Edge,2024-10-03 16:39:03,1
ChatGPT and 12 more pages - Personal - Microsoft​ Edge,2024-10-03 16:43:21,257
Session,2024-10-03 16:43:23,2
